{"Test Loss": 0.12471809983253479, "Test Accuracy": 97.44444489479065, "R2 Score:": 0.8977757585335019, "Confusion Matrix": [[1776, 16], [76, 1732]]}